Address;Title;Description;Rooms;Living Space (sqm);Price
Flüelerstrasse 20a, 6460 Altdorf;neu – modern – zentral … Willkommen in Ihrem familienfreundlichen Daheim!;;2.5 rooms;130m²;CHF 1,276,120.–
Flüelerstrasse 20, 6460 Altdorf;neu – modern – zentral … Willkommen zu Hause!;;2.5 rooms;130m²;CHF 1,095,600.–
Ritomgasse 2, 6490 Andermatt;Modernes Wohnen in uriger Umgebung;;2.5 rooms;190m²;CHF 5,229,000.–
Lindenstrasse 13, 6472 Erstfeld;Mehrfamilienhaus, 5% Rendite in Uri!;Im Herzen des Kantons Uri und in der Nähe des Gotthard-Tunnels befindet sich dieses komplett renovierte Mehrfamilienhaus. Dienstgebäude an der Lindenstrasse 13 des Erstfelder Bahnhofs wurde im Zuge einer Erweiterungsplanung für die Gotthardbahn und dessen Maschinendepot im 1900 erbaut. Das denkmalgeschütze Haus welches sich parallel zu den Gleisen erstreckt gehört zu den wertvollsten Baudenkmäler in Erstfeld.Das Gebäude erstreckt sich über 4 Ebenen und verfügt über insgesamt 16 Wohneinheiten. Die Wohnungen sind unterschiedlich gross und die Innenräume sind geräumig und hell. Die meisten Innenböden sind aus Parkett. Die Küchen sind neu und modern und verfügen über Geräte der neuesten Generation: eingebauter grosser Kühlschrank und Gefrierschrank, integrierter Geschirrspüler, Einbaubackofen, Kochfeld und integrierte Dunstabzugshaube. Die Sanitäranlage ist neu und jede Wohnung hat eine eigene Waschmaschine und Trockner. Im Erdgeschoss befinden sich die Technikräume, die Keller und ein Veloraum.5% Rendite.Im Anhang die Verkaufsbroschüre.;1,410m²;;CHF 7,719,000.–
6485 Meien;Stilechtes und umgebautes 2.5-Zimmer-Einfamilienhaus, mit Stall, in Meien UR;;2.5 rooms;230m²;CHF 2,365,500.–
6476 Intschi;Idyllisches und heimeliges 2-Familienhaus, mit 3 Nebengebäuden, Intschi UR;;3 rooms;190m²;CHF 859,050.–
Ritomgasse 9, 6490 Andermatt;Exklusive Studiowohnung mit Aussenterrasse im Haus Koya;Lassen Sie sich von dem besonderen Flair dieser exklusiven Studiowohnung mit begeistern. Geniessen Sie ausserdem die 4 m2 grosse Aussenterrasse, die zur Wohnung gehört. Das luxuriöse Badezimmer mit Regendusche und die voll ausgestattete Küche bieten jeden Komfort für Ihren Traumaufenthalt in Andermatt.Die Wohnung zeichnet sich durch die Verwendung hochwertigster Materialien aus, und ein Schlafsofa schafft zusätzlichen Raum für 2 Gäste.Das Haus KOYA, inspiriert von der japanischen Ästhetik, bietet grosszügige Gemeinschaftsbereiche und eine Sauna im Erdgeschoss. Erleben Sie etwas Einzigartiges und geniessen Sie die beruhigende Architektur, die zu einem erholsamen und entspannten Aufenthalt in den Bergen beiträgt, fernab der Hektik des Alltags.Highlights: • Spa (Sauna, Fitnessraum, Lounge, Gemeinschaftsküche) • Grosszügige Fenster • Küchengeräte von Electrolux • Kellerabteil • Skiraum • Vollständig möbliert, inklusive Kleininventar wie Geschirr, Wäsche, etc. • Attraktive Ertragsmöglichkeit dank eines Vermietungsprogramms • Kauf auch für internationale Käufer möglich Mit der SkiArena Andermatt-Sedrun direkt vor der Haustür, bestehend aus 180 Pistenkilometern und einem preisgekrönten 18-Loch-Par-72-Golfplatz, eröffnen sich Ihnen zahlreiche Freizeitmöglichkeiten.Haben wir Ihr Interesse geweckt? Kontaktieren Sie uns noch heute für eine unverbindliche Besichtigung und lassen Sie sich von dieser einzigartigen Wohnmöglichkeit begeistern.ENGLISHImmerse yourself in the unique atmosphere of this exclusive studio apartment. In addition, you can enjoy the 4 m2 outdoor terrace that belongs exclusively to the property. The luxurious bathroom with a rain shower and fully equipped kitchen provide all the comforts for your dream residence in Andermatt.The apartment is characterized by the use of the highest quality materials, and a sofa bed creates additional space for 2 guests.House KOYA, inspired by Japanese aesthetics, offers spacious communal areas and a sauna on the ground floor. Experience something extraordinary and enjoy the soothing architecture that contributes to a restful and relaxing stay in the mountains, away from the hustle and bustle of everyday life.Highlights: • Spa (sauna, gym, lounge, communal kitchen) • Large windows • Electrolux kitchen appliances • Basement compartment • Ski room • Fully furnished, including small inventory such as dishes, linen, etc. • Attractive income potential thanks to a rental program • Purchase also possible for international buyers With the SkiArena Andermatt-Sedrun right outside your door, featuring 180 kilometers of slopes and an award-winning 18-hole Par-72 golf course, numerous recreational opportunities await you.Have we piqued your interest? Contact us today for a non-binding viewing and let yourself be inspired by this unique living opportunity.;2.5 rooms;9m²;CHF 683,500.–
Gütschgasse 2, 6490 Andermatt;Moderne 1.5 Zimmerwohnung im Apartmenthaus Eisvogel;Diese wunderschöne 1.5 Zimmerwohnung in Andermatt bietet alles, was man sich wünschen kann.Neben dem Schlafzimmer bietet das Wohnzimmer ein Schlafsofa mit nochmals Platz für zusätzlich zwei Gäste.Das Apartment ist voll möbliert und wurde erst im Herbst 2020 fertiggestellt.Im Haus befindet sich ein grosser Gemeinschaftsraum mit Billardtisch, Chill-out Area und einem privaten dining room, welcher bei Bedarf und für grössere Feste gemietet werden kann (Miete entspricht nur Reinigungsgebühr).Des weiteren findet man direkt im Haus eine grosse Sauna mit Relax Area und ein Gym mit Geräten von Technogym.Für das Apartment wurden nur die hochwertigsten Materialien verwendet.Darauf können Sie sich freuen: • Spa (Sauna, Gym, Gemeinschaftsraum) • Bodentiefe Fenster • Küchengeräte von Miele • Waschmaschine/Trockner-Kombigerät in der Wohnung • Vollmöblierung inklusive Kleininventar wie Geschirr, Wäsche, etc. • Attraktive Renditemöglichkeit dank Vermietungsprogramm • Kauf auch für internationale Käufer möglich • SkiArena Andermatt-Sedrun mit 180 Pistenkilometern sowie ein mehrfach ausgezeichneter 18-Loch Par 72 Golfplatz direkt vor der Haustüre Haben wir Ihr Interesse geweckt?Kontaktieren Sie uns noch heute für eine unverbindliche Besichtigung.ENGLISHThis beautiful 1.5 room flat in Andermatt provides everything you could wish for.Besides the bedroom, the living room features a sofa bed with room for two additional guests.The flat is fully furnished and was completed in autumn 2020.In the building there is a large community space with a pool table, chill-out area and a private dining room.Furthermore, there is a large sauna with relax area and a gym with Technogym equipment available right in the building.Only the highest quality materials were used for the flat.This is what you can look forward to: • Spa (sauna, gym, common room). • Floor to ceiling windows • All kitchen appliances by Miele • Washing machine and Dryer in the apartment. • Fully furnished including small inventory such as crockery, linen, etc. • Attractive yield opportunity thanks to rental programme • Purchase also possible for international buyers • SkiArena Andermatt-Sedrun with 180 kilometres of pistes as well as a multi-award-winning 18-hole par 72 golf course right on the doorstep Have we sparked your interest? Please contact us now for a viewing.;1.5 rooms;17m²;CHF 1,114,270.–
Dorfstrasse 8, 6467 Schattdorf;WENET - 3 Wünsche auf einmal - nicht nur für Familien;"Hier klicken: ""WENET AG - Image Film - YouTube""Hochwertiges Raumwunder mit 3 Wohneinheiten welche mit sehr viel Sorgfalt und Weitsicht ausgebaut wurden. Im Jahr 2022 komplett und mit viel Hingabe und grundsoliden Kenntnisse wurde dieses Schmuckstück an sehr schöner Lage komplett kernsaniert.Ein Raumwunder, welches sich Ihren Bedürfnissen anpassen wird. Perfekt für mehrere Generationen unter einem Dach oder einfach ""mietfrei"" wohnen. Hier werden Ihnen alle Möglichkeiten angeboten.Der Grundriss der Wohnungen ist hell, freundlich und sehr familiär. Die grossen, qualitativen Fensterfronten schenken allen Räumen viel Licht und Sonne. Ein perfekter Mix aus einem Zusammenschluss zum Eigenverbrauch, sowie die Netzeinspeisung, welches sich positiv auf die Nebenkosten auswirkt. Ein sehr schöner Nebeneffekt, welcher sich für alle Beteiligten als Gewinn profiliert. Meine Investition wird zur Rendite, ein Gewinn auf allen Ebenen dank einen TOP Ausbau. Nicht nur die Ästhetik wurde hier beachtet, sondern auch eine hervorragende Technik wie die modernste Heizungsanlage Wärmepumpe Luft/Wasser sowie eine Dach-Solaranlage/Photovoltaikanlage mit 20 Module aufgebaut.Highlights:- TOP Kernsaniert 2022- 3 Wohneinheiten 257.23 m2 Raumprogramm: EG: 1 x 3.5 Zimmer Wohnung ca. 67,5 m2 1. OG: 1 x 3.5 Zimmer Wohnung ca. 66,24 m2 2. OG /DG: 1 x 4.5 Zimmer Wohnung ca. 123.49 m2 - 3 x sehr grosse Keller / Dispo-Raum- Waschraum inkl. Waschturm WM &amp; TU- Technik-Raum- Modernste Technik:- Photovoltaikanlage 20 Module / Fläche: 36,8 m2 / Leistung 7,6 kWp (DC)- Netzeinspeisung - tiefe NebenkostenBei der Renovation 2021/2022 konnte auf ein massives, einzigartiges Bauwerk aufgebaut werden und es wurde vor allem auf einen beständigen und langlebigen Ausbau gesetzt. Erwähnenswert ist die sehr gute Lage, alles in nächster Nähe Schule, Läden, öffentliche Verkehrsmittel, Bahn - bequem alles zu Fuss erledigen sowie die Nähe zum Hauptort Altdorf. Ein weiteres Plus ist der pflegeleichte Aussenbereich, welcher mit einem weiteren Extra wie der gemeinsame Sitzplatz aufgewertet worden ist. Der Aussenparkplatz bietet Platz für bis zu 5 Fahrzeuge.Interessiert? Gerne stehen wir für eine Besichtigung oder Fragen zur Verfügung.";3 rooms;310m²;CHF 1,985,770.–
6460 Altdorf;Zentrales Renditeobjekt, Mehrfamilienhaus in TOP-Zustand, mit 3 Wohnungen, in Altdorf UR;;3.5 rooms;330m²;CHF 2,228,550.–
6460 Altdorf;Grosse und preiswerte 1.5-Zi.-Wohnung, in 6460 Altdorf UR;;1.5 rooms;22m²;CHF 522,900.–
6377 Seelisberg;Ein Traumhaus mit Blick auf die Bergwelt;"An absolut einmaliger Lage hoch über dem Nebelmeer, fernab von Hektik, Alltagsstress und Lärm, thront dieses aussergewöhnliche Einfamilienhaus. Hier erwartet Sie eine spektakuläre Kulisse mit Blick auf das umliegende Bergpanorama mit dem Fronalpstock, Urner Berge, Mythen und Niederbauen. Dieses Einfamilienhaus wurde mit höchster Liebe zum Detail und unter Verwendung erstklassiger Materialien gebaut. Moderne Annehmlichkeiten verschmelzen nahtlos mit der natürlichen Umgebung. Hier können Sie sich Ihren Traum von einem Leben in der Natur erfüllen, ohne auf modernen Komfort und Bequemlichkeiten verzichten zu müssen.Highlights • Traumhafte und unverbaubare Weitsicht auf den Fronalpstock, die Urner Berge, Mythen sowie den Niederbauen • Idyllische Lage im Ferienort Seelisberg • Angrenzend an die Landwirtschaftszone • Stilvoller und moderner Innenausbau mit hochwertigen Materialien • Hauseigener Lift Weitere Informationen zu diesem einzigartigen Objekt finden Sie auf unserer Webseite unter www.domba.ch. Bestellen Sie jetzt die ausführliche Dokumentation zum Wohntraum ""Ein Traumhaus mit Blick auf die Bergwelt"" oder melden Sie sich für einen unverbindlichen Besichtigungstermin bei uns. Dieses Objekt können Sie per Videoanruf besichtigen. Frau Martina Knobel freut sich über Ihre Kontaktaufnahme! Unser Bader Team ist jederzeit via Telefon, WhatsApp, FaceTime und E-Mail gerne für Sie da.Martina Knobel+41 41 418 08 55+41 79 418 51.53info@domba.ch";1.5 rooms;170m²;CHF 2,925,750.–
Gändli 28b, 6468 Attinghausen;Wohnung 2.5 Zimmer;;2.5 rooms;150m²;CHF 1,307,250.–
Unterer Biel 1, 6467 Schattdorf;Attikawohnung 2.5 Zimmer;;2.5 rooms;160m²;CHF 1,761,670.–
Efibach 40, 6473 Silenen;Luxuriöses 4.5-Zimmer-Haus mit viel Wohnspielraum in Silenen;Als äusserst attraktives Angebot, steht dieses luxuriöse 4.5-Zimmer-Einfamilienhaus an sanfter Hanglage mit Ausblick in Silenen UR zum Verkauf. Das freistehende Haus befindet sich am Ende einer ruhigen Privatstrasse und bietet den Eigentümern dementsprechend luxuriösen Wohnkomfort mit grosser Privatsphäre. 1977 erbaut und laufend gehoben renoviert, profitiert es von einer grosszügigen Raumaufteilung mit viel privaten Aufenthaltszonen und einem attraktiven Innenausbau über 3 Etagen. Durch die imposante Eingangshalle mit Spiegelschrank und dezentem Gäste-WC gelangt man durch die hochmoderne Küche mit Kochinsel hindurch in das imposante Herzstück des Hauses: die hohe Wohnhalle mit offener Galerie und einzigartigem, offenen Cheminée. Die geräumige Wohnhalle beinhaltet den grosszügigen Ess- und Salonbereich, wodurch sich dieser Raum als spektakulärer Aufenthaltsort für Familie und Gäste anbietet. Im linken Flügel des Erdgeschosses befindet sich eine private Wohnsuite mit grosszügigem Schlafzimmer, separatem WC mit Dusche und Waschraum, wie auch ein grosszügiger Salon mit bodenlanger Fensterfront und Direktzugang in die private Gartenlounge mit Outdoor-Küche. Die Suite kann ideal als privater und luxuriöser Wohnraum für Gäste wie auch als erweiterter Wohnbereich dienen. Im rechten Flügel im Erdgeschoss befindet sich wiederum eine private Wohnzimmersuite mit zwei prächtigen Schlafzimmern, ein begehbares Kleiderzimmer, wie auch zwei luxuriöse Badezimmer jeweils mit Dusche und Badewanne, welche diesen gehobenen Wohnbereich abrunden. Weitere Aufenthaltsbereiche für Familie und Gäste befinden sich im Obergeschoss (über den Galeriezugangerreichbar), wo man eine grosszügige Wohnzone inklusive Kino- und Spielzimmer, wie auch ein grosszügiges Bürozimmer mit weissem Marmorboden auffindet. Das Haus profitiert zudem von einem separaten Fitnessbereich und einer Sauna.Das separate Untergeschoss bietet nebst zusätzlichem Wohnraum mit Waschküche und Kellerräumlichkeiten für Eigennutzung dank der eigenen, separaten Hauseingänge eine 2.5-Zimmer- und 1-Zimmer- Einliegerwohnung (für gewerbliche Nutzung geeignet). Dadurch eignet sich dieses luxuriöse Objekt auch ideal als Mehrgenerationenhaus oder zur Langzeit-/ Kurzzeit-Vermietung an Touristen. Abgerundet wird das Grundstück durch eine Doppelgarage und mehreren Abstellplätzen vor dem Haus wie auch ein vielseitiger Umschwung (460m2) mit wunderschöner Aussicht in die Natur und die Berge. Brixel präsentiert Ihnen dieses Objekt, welches privat verkauft wird. Einen umfassenden Eindruck erhalten Sie auf der Website: https://page.brixel.ch/haus-silenenDort finden Sie unter anderem:- Alle Fotos- 3D-Tour- Grundrisse- Verkaufsdokumentation- Wichtige Dokumente wie Grundbuchauszug etc.;4.5 rooms;680m²;CHF 2,676,750.–
Gotthardstrasse 100, 6490 Andermatt;2.5-Zimmer-Maisonettewohnung in Andermatt;;2.5 rooms;180m²;CHF 3,984,000.–
6490 Andermatt;1.5 ZIMMERWOHNUNG IN ANDERMATT MIT ATEMBERAUBENDER AUSSICHT;Dieses exquisite Apartment im Haus Hirsch in Andermatt bietet einen atemberaubenden Blick auf die Berge und den Fluss Reuss. Beginnen Sie Ihren Tag mit einem Morgenkaffee oder entspannen Sie bei einem Glas Wein am Nachmittag auf dem grosszügigen 24 m² grossen Balkon.Mit dem grosszügigen Wohnraum im modernen alpinen Design werden Sie und Ihre Familie sich sofort wie zu Hause fühlen. Geniessen Sie den Luxus von zwei ensuite Badezimmern und einer zusätzlichen Gästetoilette, die den ultimativen Komfort für alle gewährleisten. Beide Schlafzimmer verfügen über private Balkone und eine separate Waschküche erleichtert den Alltag.Highlights • 150m2 Wohnfläche • 24m2 Balkon mit einzigartiger Aussicht • 2 Schlafzimmer mit eigenem Balkon • 2 Bäder ensuite • Gästetoilette • Moderne Küche mit hochwertigen Geräten • Pantry/Waschküche • Parkplatz inklusive • Vollständig möbliert inklusive Kleininventar • Einbauschränke in allen Zimmern • Holzkamin • Ski- und Fahrradraum Kontaktieren Sie uns jetzt für weitere Informationen und Besichtigungstermine!ENGLISHThis exquisite apartment in House Hirsch in Andermatt offers an unparalleled view of the mountains and the River Reuss. Start your day with a morning coffee or unwind with an afternoon glass of wine on the expansive 24m² balcony.With generous living space featuring an alpine contemporary design, you and your family will feel right at home. Enjoy the luxury of two ensuite bathrooms and an additional guest restroom, ensuring ultimate comfort for all. Both bedrooms feature private balconies, and a separate laundry room adds convenience to everyday living.Property Highlights • 150m2 living space • 24m2 Balcony with exceptional views • 2 Bedrooms with private balcony • 2 Bathrooms ensuite • Guest Restroom • Modern kitchen with quality appliances • Pantry/Laundry Room • Parking included • Fully furnished • Built in cupboard in all rooms • Wood fireplace • Ski and Bike room Enquire now for more information and viewing appointments!;1.5 rooms;150m²;CHF 3,672,750.–
Gändli 28a, 6468 Attinghausen;Wohnung 1.5 Zimmer;;1.5 rooms;26m²;CHF 1,008,450.–
Gändli 28b, 6468 Attinghausen;Attikawohnung 2.5 Zimmer;;2.5 rooms;150m²;CHF 1,332,150.–
Gändli 30b, 6468 Attinghausen;Reihenmittelhaus 2.5 Zimmer;;2.5 rooms;180m²;CHF 1,394,400.–
Furkastrasse 8, 6493 Hospental;Ab in die Berge! - nur 4 Minuten von Andermatt entfernt;Entdecken Sie eine Immobilie mit unbegrenzten Möglichkeiten im Herzen der Schweizer Alpen: Ein charmantes Chalet in Hospental, das individuell gestaltet und vielseitig genutzt werden kann. Egal ob als grosszügiges Familienheim, als Kombination aus privatem Rückzugsort und renditestarker Vermietungseinheit oder als vollständiges Anlageobjekt - dieses Bijou passt sich Ihren Träumen und Projekten an.;2.5 rooms;260m²;CHF 1,220,100.–
Wilerstrasse 1, 6472 Erstfeld;Wohnen mit Aussicht: 2.5-Zimmerwohnung mit Blick auf die majestätischen Berge und die malerische Reuss;;2.5 rooms;23m²;CHF 491,770.–
Dorfstrasse 72, 6377 Seelisberg;Bergromantik pur: 4½-Zimmerwohnung in Seelisberg zu verkaufen;"2.5-Zimmer-Maisonette-WohnungDie 2.5-Zimmer-Maisonette-Wohnung liegt an wunderschöner und ruhiger Lage im schönen Bergdorf Seelisberg. Seelisberg bietet unzählige Freizeitaktivitäten und eine wunderschöne Aus- und Weitsicht über den Urnersee, die umliegenden Berge sowie die Urner Alpen. Ein perfekter Ort, um abzuschalten und sich zu Erholen.Das Verkaufsobjekt liegt im 3. und 4. Obergeschoss und verfügt über zwei Balkone welche optimale Nachmittags- und Abendsonne versprechen.Weitere Facts: • urchiger Kachelofen für die kalten Wintertage und das nostalgische Gefühl • gut ausgestattete und moderne Küche mit Essbereich • stilvolle Badezimmer mit Dusche sowie ein separates Gäste WC • die praktische Galerie im Schlafzimmer als Rückzugsort, Arbeitsplatz, Stauraum oder Lesebereich • toller Korridor im 2.OG mit Waschmaschine im Einbauschrank • schöne und ruhige Lage im Dorf mit wunderbarer Aussicht • Tennisplatz, Boulebahn, Fitnessraum, Sauna und Solarium für die gemeinsame Mitbenutzung • unzählige Wanderwege vor der Haustüre, so auch der ""Weg der Schweiz"", welcher in der 1. Etappe vom Rütli nach Seelisberg führt • Einstellhallenplatz kann für CHF 30'0000.00 dazu gekauft werden Haben wir Ihr Interesse geweckt? Gerne stehen wir bei Fragen zur Verfügung und senden Ihnen weitere Unterlagen zu.Wir freuen uns, auf Ihre Kontaktaufnahme.Virtuelle Tour: https://360.feelestate.ch/view/fullscreen/id/VZ84M";2.5 rooms;130m²;CHF 946,200.–
Gändli 30c, 6468 Attinghausen;Reiheneckhaus 2.5 Zimmer;;2.5 rooms;180m²;CHF 1,581,150.–
Gotthardstrasse, 6482 Gurtnellen;Gemütliche Perle!;Schon beim Betreten dieser Perle werden Sie begeistert sein – lassen Sie sich verzaubern. Diese Wohnung ist zurzeit vermietet. Der Eingangsbereich punktet mit viel Platz und bildet den Auftakt zu einem gemütlichen Wohnerlebnis. Im Wohn- und Essbereich mit Cheminée erhalten Sie ein grosszügiges Platzangebot. Von hier aus gelangen Sie direkt auf den gedeckten Balkon, der nach Süden ausgerichtet ist, und der in der warmen Jahreszeit als grosszügige Erweiterung des Wohnraumes dient. In der halboffenen Küche, welche sich perfekt ins Raumkonzept eingliedert, macht das Kochen Spass. Zwei helle Schlafzimmer, das eine mit Einbauschränken, warten auf Ihre Einrichtungsideen. Das zeitlose Badezimmer mit Dusche und Wanne lässt keine Wünsche offen.Ein Cheminée sorgt für warme Momente in der kalten Jahreszeit.Dieses ImmoSky-Angebot bietet folgende *Mehr Leistung*:- Lichtdurchflutete Räumlichkeiten- Sanierte Küche mit viel Stauraum- Sonniger gedeckter Balkon- Grosszügiges Badezimmer mit Fenster- Gemütliches Cheminée - Und noch viele weitere HighlightsFür die nicht tagtäglich benötigten Dinge finden Sie in Ihrem Kellerabteil ausreichend Stauraum. Für Ihre Fahrzeuge stehen Ihnen eine Garagenbox für zusätzlich CHF 30'000.- und ein Aussenparkplatz zur Verfügung.Überzeugen Sie sich bei einer unverbindlichen Besichtigung von dieser Perle. Wir freuen uns auf Ihren Anruf.;1.5 rooms;25m²;CHF 466,870.–
Gändli 30d, 6468 Attinghausen;Kleinhaus 1.5 Zimmer;;1.5 rooms;23m²;CHF 1,014,670.–
6377 Seelisberg;Aussergewöhnliches Haus mit Potenzial und atemberaubendem Blick;Dieses prachtvolle Haus in Seelisberg ist eine Traumimmobilien. Das im Jahr 1914 erbaute Anwesen wurde gut unterhalten. Es eignet sich perfekt für eine grosse Familie oder Jemanden, der viel Platz benötigt. Es ist einzigartig in seiner Art. Mit 8 Schlafzimmern und 4 Badezimmern bietet das hübsche Haus 370 m² Nettowohnfläche und ist auf 3 Etagen verteilt. Das Haus befindet sich auf einem 3'248 m² grossen Grundstück und setzt sich aus drei Parzellen zusammen, es teilt sich in 1'389 m² Bauland in der Kernzone sowie 1'859 m² Landwirtschaftsland auf. Eine der drei Parzellen bietet eine Baulandreserve von 507 m², was den zukünftigen Besitzern diverse Optionen ermöglicht. Zum Beispiel zwei Terrassenwohnungen, ein weiteres Einfamilienhaus oder eine Gesamtüberbauung auf dem zur Verfügung stehenden Bauland. Damit wird dieses einzigartige Grundstück an einmaliger Lage mit Seesicht auch für Investoren interessant.Das Haus punktet mit vielen weiteren Features und Highlights: • 4.5 Zimmerhaus, davon 8 Schlafzimmer und 4 Badezimmer • Geräumige 370 m², Wohnfläche auf 3 Etagen • Spektakuläre Aussicht auf den See und in die Berge • Gemütlicher Kamin für kalte Winterabende • Weinkeller • 4 Innen- und 3 Aussenstellplätze • BaulandreserveDas charmante Haus ist der perfekte Ort für Menschen, die gerne in einer ruhigen Gegend wohnen möchten. Ein erstaunliches Domizil mit einem aussergewöhnlich hohen Mass an Privatsphäre und Persönlichkeit. Die unvergleichliche Grösse und Qualität dieser Immobilie bietet eine hervorragende Möglichkeit, ein lang ersehntes Traumhaus zu erwerben. Diese Immobilie verkörpert den Charme der Vergangenheit und kombiniert ihn mit der Moderne des Lebens. Wenn Sie es gewohnt sind, das Beste zu bekommen, dann ist diese Immobilie Ihre Wahl. Es hat eine einzigartige Lage und bietet einen herrlichen Blick auf die Umgebung. Dieses Haus muss man gesehen haben, vorallem, wenn man so eine geräumige und abgelegene Immobilie sucht.;4.5 rooms;370m²;CHF 2,963,100.–
Utzigen 8, 6460 Altdorf UR;2.5 Zimmer Wohnung mit Balkon und Panorama-Bergsicht (Reserviert);;2.5 rooms;120m²;CHF 896,400.–
Gotthardstrasse 36, 6460 Altdorf UR;Rendite Objekt mit grossem Umbaupotenzial;;2.5 rooms;290m²;CHF 1,108,050.–
Bärengasse 1, 6490 Andermatt;Gotthard Residences Apartment in Andermatt;;1.5 rooms;;CHF 2,838,600.–
Mattenstrasse 40, 6463 Bürglen;2.5-Zimmerwohnung an sonniger Wohnlage;;2.5 rooms;120m²;CHF 1,039,570.–
Gotthardstrasse, 6482 Gurtnellen;Klein aber mein;Dieses heimelige Schmuckstück befindet sich in einem gepflegten Mehrfamilienhaus mit 5 Einheiten. Eine gute Weitsicht mit Süd/Ost-Balkon und einer gemütlichen Atmosphäre mit Dachschrägen machen diese Liegenschaft einzigartig.Die Liegenschaft ist zurzeit vermietet, daher wäre es auch eine gute Investition.Ein geräumiger Eingangsbereich begrüsst Sie hier. Gleich dahinter ein heimeliger Wohnbereich mit offener Küche und genügend Platz für gemütliche Stunden. Das Schlafzimmer mit Einbauschrank liegt im hinteren Teil der Wohnoase und gleich daneben das Bad mit Badewanne zum Entspannen. Die Wohnung ist in einem guten allgemeinen Zustand und zurzeit vermietet. Dieses ImmoSky-Angebot bietet folgende *Mehr Leistung*:+ Geräumiger Balkon mit Süd/Ost-Ausrichtung+ Heimelige Küche + Romantische Dachschrägen mit Dachfenstern+ Idyllische Lage + Und vieles mehr ...Im Untergeschoss befinden sich ein Kellerabteil sowie eine Waschküche zur allgemeinen Nutzung.Für Ihr Auto steht Ihnen eine Garagenbox zur Verfügung, die für CHF 30'000.- dazu gekauft werden muss. Möchten Sie mehr erfahren? Dann zögern Sie nicht und sichern Sie sich Ihren persönlichen Besichtigungstermin. Wir freuen uns auf Ihren Anruf.;1 room;17m²;CHF 280,120.–
Bitzistrasse 13, 6377 Seelisberg;Einfamilienhaus mit Umschwung;;2.5 rooms;290m²;CHF 1,992,000.–
6472 Erstfeld;Einzigartiges Kunst-Raum-Wunder;Ein schmuckes Raumwunder mit diversen Extras welche Sie entzücken werden. Neuwertig da mit viel Liebe zum Detail im Jahr 2022/2023 saniert und mit dem gewissen Etwas die Akzente gesetzt. Hier wird es Ihnen nicht langweilig, denn Sie finden hier Materialien und Ideen die Zeuge sind von einem Künstlerischen Flair den wir wirklich als einzigartig benennen dürfen. Komplett modernisiert mit gehobener Ausstattung an sehr ruhiger Lage ohne Durchgangsverkehr, am Ende einer Sackgasse. Highlights:- sonnige, ruhige Lage mit Bergsicht- hochwertig saniert 2022/2023- zwei Nassbereiche mit Fenster- grosse Zimmer- Wärmepumpe- pflegeleichter Garten- Platz für 2 FahrzeugeDie 140 m² Wohnfläche verteilen sich auf 2 Zimmer, davon 4 Schlafzimmer, und 2 Bäder. Im lichtdurchfluteten Wohnzimmer mit offener Küche und Zugang zur Terrasse, wo Sie entspannte Abende mit Familie und Freunden verbringen können. Den unvergänglichen Landhaus-Effekt in der Küche schenkt einen warmen familiären Stil.Das Grundstück umfasst 357 m² und verfügt über eine idyllische Gartenfläche von 80 m². Hier können Sie die Sonne in vollen Zügen genießen. Zudem bietet eine große Gartenhütte viel Stauraum.Interessiert? Wir stehen Ihnen für Fragen oder eine Besichtigung sehr gerne zur Verfügung.;2 rooms;140m²;CHF 1,193,950.–
Bärengasse 1, 6490 Andermatt;Geräumiges, helles Apartment mit fünf Schlafzimmern;;2.5 rooms;220m²;CHF 4,482,000.–
6460 Altdorf;Gemütliche und charmante  2.5-Zimmer-Wohnung in zentraler Lage in Altdorf;Willkommen in dieser charmanten 2.5-Zimmer-Wohnung in Altdorf, die mit ihrem gemütlichen und offenen Wohnbereich einladend wirkt. Die modern gestaltete Küche verleiht dem Raum eine frische Atmosphäre und lädt zum gemeinsamen Kochen und Geniessen ein. Mit drei Schlafzimmern und einem Badezimmer bietet die Wohnung ausreichend Platz für Familien oder Paare, während die zwei Balkone einen entspannten Rückzugsort im Freien bieten. Ein Keller und eine Tiefgarage sorgen für zusätzlichen Stauraum und Komfort. Durch die Renovierung 2020 besticht die Immobilie mit modernem Charme und Sonneneinstrahlung in allen Räumen. Ein besonderes Highlight ist die Bushaltestelle direkt neben der Wohnung, was den Zugang zu öffentlichen Verkehrsmitteln erleichtert. Entdecken Sie hier das perfekte Zuhause für Ihre Familie in Altdorf. Dieses properti-Angebot zeichnet sich durch folgende Vorteile aus: • Zentrale Lage in Altdorf • Renovierte und gut gepflegte Wohnung • Offene und moderne Küche • Gemütlicher Balkon für entspannte Momente • Keller und Tiefgaragenparkplatz für zusätzlichen Komfort • Direkt neben der Bushaltestelle • Familienfreundliche Umgebung • Nähe zu Restaurants, Einkaufsmöglichkeiten und Schulen • Renovierte und gut gepflegte Wohnung • Ein Tiefgaragenparkplatz muss für CHF 35`000.- dazugekauft werden. Interessiert? Kontaktieren Sie uns für eine unverbindliche Besichtigung! Selber eine Immobilie zu vermarkten? Wir überzeugen mit fairen und transparenten Konditionen!;2.5 rooms;26m²;CHF 616,270.–
6467 Schattdorf;PRAKTISCH MIT GROSSEM BALKON UND AUSBLICK;Diese elegante 2.5-Zimmer-Etagenwohnung bietet alles, was man sich wünscht. Die Wenge-Parkettböden in den Schlafzimmern verleihen dem Raum ein modernes Ambiente, während die Keramikplatten im Wohn-Essbereich für eine gemütliche Atmosphäre sorgen. Das elegante Badezimmer mit Regendusche und das geräumige Ankleidezimmer mit Einbauschrank bieten zusätzlichen Komfort. Das Büro oder Kinderzimmer mit direktem Zugang zur Terrasse ermöglicht ein angenehmes Arbeiten oder Spielen im Freien. Ein Carport und ein Parkplatz sind verfügbar. Die ruhige Lage und die gute Verkehrsanbindung machen diese Immobilie perfekt für Familien oder Berufstätige.Dieses BETTERHOMES-Angebot zeichnet sich durch folgende Vorteile aus:- Wenge-Parkett in den Schlafzimmern neu im 2016- Keramikplatten im Wohn-Essbereich- elegantes Badezimmer mit Regendusche- Ankleidezimmer mit geräumigen Einbauschrank- Büro oder Kinderzimmer mit direktem Zugang zum Balkon- gedeckter Balkon 15 m² mit Blick ins Grüne- zzgl. Carport CHF 25000.-- ein Aussenparkplatz im Kaufpreis inklusive- ruhige Lage mit sehr guter Anbindung- und, und, und ...Interessiert? Kontaktieren Sie uns für eine unverbindliche Besichtigung – auch Online-Besichtigung möglich!Nichts Passendes gefunden? Über 2'300 weitere Angebote unter: www.betterhomes.ch - der Immobilienfairmittler®Selber eine Immobilie zu vermarkten?Profitieren Sie von unserem Know-how: https://www.betterhomes.ch/de/profitierenSie möchten eine Immobilie schätzen lassen?Erfahren Sie jetzt ihren Wert über unsere Gratis-Schätzung, sofort und unverbindlich!https://www.betterhomes.ch/de/knowledge/estimationMehr DetailsLage: ruhig, im grünen und doch zentral Zustand: sehr gepflegtBäder / Nasszellen: 2 (1 x Badewanne / Lavabo / WC, 1 x Lavabo / WC)Öffentliche Verkehrsmittel: Bushaltestelle Grund, 300 mSchulen: Kindergarten / Primarschule / Sekundarschule, 800 mGeschäfte: Coop, 300 m / Migros, 850 m;2.5 rooms;;Price on request
Bitzi 5, 6467 Schattdorf;Familien-Wohn(t)raum...mit Panoramablick!;;2.5 rooms;150m²;CHF 1,469,100.–
6460 Altdorf UR;Sonne und Bergsicht inklusive;Willkommen im idealen Zuhause für Familien oder Paare mit grossem Raumbedarf, das perfekt zwischen urbanem Komfort und romantischem Ambiente liegt. Diese besondere, im Baurecht erstellte Maisonettewohnung im Zentrum von Altdorf bietet alles, was Sie sich für einen komfortablen und gemütlichen Wohnalltag wünschen.Das Dachgeschoss beeindruckt mit einer loftartigen Offenheit, die den Lebensraum erweitert und die Bewohner zusammenbringt. Der lichtdurchflutete Ess- und Wohnbereich mit einer offenen Küche und einem schönen Cheminée ist der Herzschlag dieser Immobilie, während die grossen Fenster einen atemberaubenden Blick auf die Sonnenterrasse und die majestätische Kulisse der umliegenden Berglandschaft freigeben. Die untere Etage beherbergt drei Schlafzimmer, einen Nassraum sowie einen Hauswirtschaftsraum mit Waschturm. Die ruhige und weitestgehend verkehrsfreie Lage ist ideal für Kinder und bietet somit ein sicheres Umfeld zum Aufwachsen. Schulen, Einkaufsmöglichkeiten und öffentliche Verkehrsmittel sind nur wenige Gehminuten entfernt.Erleben Sie ein Leben voller Komfort inmitten von Altdorf, in diesem einladenden Zuhause – Ihrer perfekten Rückzugs- und Erholungsoase.Dieses ImmoSky Angebot bietet folgende *MEHR LEISTUNG*:+ Zentrumslage+ Helle und sonnige Räumlichkeiten+ Reichlich öffentliche Parkplätze beim Lehnplatz+ Flexible Raumaufteilung+ Einwandfreier ZustandViele weitere Highlights stelle ich Ihnen gerne an einer persönlichen Besichtigung vor Ort vor und freue mich auf Ihren Anruf.;2.5 rooms;180m²;CHF 933,750.–
6472 Erstfeld;RENOVIERUNGSBEDÜRFTIG MIT BERGBLICK;Dieses charmante Einfamilienhaus in Erstfeld ist ideal für Familien, die zentral und doch in Ruhe wohnen möchten. Mit einer Wohnfläche von 140 m² und einer Terrasse, die einen herrlichen Blick auf die Berge bietet, gibt es genügend Raum zum Entspannen. Der Specksteinofen im Wohnzimmer verspricht gemütliche Abende, während die Einbauschränke für Ordnung sorgen. Die flexible Nutzungsmöglichkeit der zwei Eingangstüren und die individuellen Ausbaumöglichkeiten machen dieses Haus zu einem echten Juwel. Mit einer Garage und einem Natursteinkeller ist zudem ausreichend Stauraum vorhanden.Dieses BETTERHOMES-Angebot zeichnet sich durch folgende Vorteile aus:- freistehend, mitten im Zentrum / Kernzone- Terrasse mit schönem Bergblick- Specksteinofen im Wohnzimmer- Einbauschränke in den Zimmern und Flur vorhanden- Deckenhöhe variiert pro Etage- individuell ausbaubar- zwei Eingangstüren, flexible Nutzung- Garage mit Estrichaufbau mit viel Stauraum- Parkplätze direkt vor dem Haus- Natursteinkeller ideal zur Weinlagerung- und, und, und ...Interessiert? Kontaktieren Sie uns für eine unverbindliche Besichtigung – auch Online-Besichtigung möglich!Nichts Passendes gefunden? Über 2'300 weitere Angebote unter: www.betterhomes.ch - der Immobilienfairmittler®Selber eine Immobilie zu vermarkten?Profitieren Sie von unserem Know-how: https://www.betterhomes.ch/de/profitierenSie möchten eine Immobilie schätzen lassen?Erfahren Sie jetzt ihren Wert über unsere Gratis-Schätzung, sofort und unverbindlich!https://www.betterhomes.ch/de/knowledge/estimationMehr DetailsLage: mitten im Dorf Zustand: renovationsbedürftig Bäder / Nasszellen: 2 (1 x Badewanne / Lavabo / WC, 1 x Dusche / Lavabo / WC)Heizsystem: Holzofen / Elektoöfen Öffentliche Verkehrsmittel: Zug, 50 m Schulen: Kindergarten / Primarschule / Sekundarschule, 400 mGeschäfte: Denner Satellit / Post, 100 m / Migros / Coop, 400 m;2.5 rooms;140m²;CHF 585,150.–
6460 Altdorf UR;Beste Passantenlage und Parkplätze in nächster Nähe;Ein Gewerbeobjekt mit durchdachtem Grundrisskonzept. Hier werden Potenzial und Möglichkeiten auf ideale Weise miteinander vereint.Suchen Sie den richtigen Ort, um Ihre innovative Geschäftsidee zu verwirklichen und sich von der Menge abzuheben? Dann sind Sie hier genau richtig. Diese Liegenschaft bietet ein vielseitiges und grosszügiges Raumerlebnis und der praktische Grundriss bietet unzählige Nutzungsmöglichkeiten und viel Spielraum für Ihre Einrichtungswünsche. Ob als Büro, Praxis und Fitnesscenter – Sie entscheiden.Über den Haupeingang gelangen Sie direkt in die freundliche und lichtdurchflutete Eingangshalle. Dank der grossen Fensterfronten besticht das Gebäude mit sehr hellen Räumlichkeiten. Auf über 370 m2 Nutzfläche können Sie Ihre Ideen verwirklichen.Dieses ImmoSky Angebot bietet folgende *MEHR LEISTUNG*:+ Sehr gute Lage+ Reichliche Parkplätze beim Lehnplatz+ Flexible Raumaufteilung+ Attraktives Erscheinungsbild von aussen+ Viele verschiedene Nutzungsmöglichkeiten+ Und noch vieles mehr ...Die vielen Parkmöglichkeiten am Lehnplatz machen diese Gewerbeliegenschaft noch interessanter.Viele weitere Highlights stelle ich Ihnen gerne an einer persönlichen Besichtigung vor Ort vor und freue mich auf Ihren Anruf.;2.5 rooms;370m²;CHF 622,500.–
6490 Andermatt;EXTRAVAGANT MIT EINEM HAUCH VON LUXUS;Diese wunderschöne Ferienwohnung in Andermatt ist perfekt für alle, die eine exklusive Auszeit in den Bergen suchen. Die grosszügige 1.5-Zimmer-Wohnung bietet eine hochwertige Möblierung, einen herrlichen Blick in den Garten von der eigenen Terrasse aus und eine moderne, halboffene Küche. Der geräumige Wohnbereich mit Schlafsofa und das elegante Badezimmer mit Regendusche sorgen für maximalen Komfort. Mit Einbaugarderobe, praktischer Sitzbank und ausreichend Stauraum ist auch für genügend Platz gesorgt. Die Wohnung verfügt zudem über eine Waschmaschine und einen Trockner im Reduit. Durch ein flexibles Vermietungsprogramm ist eine attraktive Rendite garantiert.Dieses BETTERHOMES-Angebot zeichnet sich durch folgende Vorteile aus:- Echtholzparkett in exklusiver verlegeart- perfekter, grosszügiger Schnitt der Wohnung, inklusive hochwertiger Möblierung- eigene Terrasse 10 m² mit Blick in den Garten- halboffene, moderne Küche mit vielen Extras zum Wohn-Essbereich hin- geräumiger Wohn-Essbereich mit Schlafsofa- elegantes Badezimmer mit Regendusche- Einbaugarderobe und praktische Sitzbank im Flur- Einbauschränke mit viel Stauraum im Schlafzimmer- Waschmaschine und Trockner im Reduit, in der Wohnung- ein flexibles Vermietungsprogramm garantiert eine attraktive Rendite- und, und, und ...Interessiert? Kontaktieren Sie uns für eine unverbindliche Besichtigung – auch Online-Besichtigung möglich!Nichts Passendes gefunden? Über 2'300 weitere Angebote unter: www.betterhomes.ch - der Immobilienfairmittler®Selber eine Immobilie zu vermarkten?Profitieren Sie von unserem Know-how: https://www.betterhomes.ch/de/profitierenSie möchten eine Immobilie schätzen lassen?Erfahren Sie jetzt ihren Wert über unsere Gratis-Schätzung, sofort und unverbindlich!https://www.betterhomes.ch/de/knowledge/estimationMehr DetailsLage: sehr zentralZustand: neuwertig, sehr gepflegtBäder / Nasszellen: 1 (1 x Dusche / Lavabo / WC)Heizsystem: Wärmepumpe / Bodenheizung Öffentliche Verkehrsmittel: Bahnhof Andermatt, 200 m Schulen: Kindergarten / Primarschule / Oberstufe, 800 mGeschäfte: Coop, 1 km;1.5 rooms;22m²;Price on request
6472 Erstfeld;BALKON MIT TRAUMHAFTER AUSSICHT;Dieses charmante Dachgeschoss in Erstfeld bietet alles, was das Herz begehrt. Die 1.5-Zimmer-Wohnung besticht durch eine herrliche Aussicht und einen Balkon mit Blick auf die Reuss. Das Wohnzimmer punktet mit Parkettboden und einem Panoramafenster, während die Küche mit einer kleinen Essnische überzeugt. Der Einbauschrank im Flur bietet viel Stauraum und das Badezimmer wurde 2004 renoviert. Ein geräumiges Schlafzimmer rundet das Angebot ab. Der Parkplatz kann für CHF 40.- / Monat gemietet werden. Perfekt für Singles oder Paare, die das Besondere suchen.Dieses BETTERHOMES-Angebot zeichnet sich durch folgende Vorteile aus:- herrliche Aussicht- Balkon mit Sicht auf die Reuss- Parkett im Wohnzimmer- Küche mit kleiner Essnische- Wohnzimmer mit Panoramafenster- Einbauschrank im Flur mit viel Stauraum- Badezimmer mit Dusche 2004 renoviert- geräumiges Schlafzimmer- Parkplatzmiete CHF 40.- monatlich- und, und, und ...Interessiert? Kontaktieren Sie uns für eine unverbindliche Besichtigung – auch Online-Besichtigung möglich!Nichts Passendes gefunden? Über 2'300 weitere Angebote unter: www.betterhomes.ch - der Immobilienfairmittler®Selber eine Immobilie zu vermarkten?Profitieren Sie von unserem Know-how: https://www.betterhomes.ch/de/profitierenSie möchten eine Immobilie schätzen lassen?Erfahren Sie jetzt ihren Wert über unsere Gratis-Schätzung, sofort und unverbindlich!https://www.betterhomes.ch/de/knowledge/estimationMehr DetailsLage: ruhig, ländlich Zustand: dürfte neu gestrichen werden Bäder / Nasszellen: 1 (1 x Dusche / Lavabo / WC)Heizsystem: Öl / RadiatorenÖffentliche Verkehrsmittel: Zug, 650 mSchulen: Kindergarten / Primarschule / Sekundarschule, 300 mGeschäfte: Denner, 600 m / Coop / Migros, 1 km;1.5 rooms;14m²;CHF 429,520.–
6482 Gurtnellen;Naturfreunde aufgepasst;"Diese Perle begrüsst Sie in absoluter Nähe zu Feld, Wald, Wiese und Wasser. Die perfekte Lage am Rande von Gurtnellen verspricht Erholung pur und lädt Sie zum Verweilen ein.Dieses heimelige Schmuckstück befindet sich in einem gepflegten Mehrfamilienhaus mit 5 Einheiten.Der freundliche Eingangsbereich, an welchen das Gäste-WC sowie zwei gemütliche Schlafgemächer grenzen, bietet genügend Platz, um anzukommen. Das Badezimmer mit Bad/Dusche und WC integriert sich optimal in den einzigartigen Grundriss. Ein weiteres Zimmer schliesst sich an den Flur an, welcher Sie auf direktem Wege in den lichtdurchfluteten, gemütlichen Wohnbereich mit Cheminée führt. Hier lässt es sich leben und mit der Familie und Freunden die Zeit geniessen. Nutzen Sie zudem den Balkon, um den Alltag hinter sich zu lassen und vollends abzuschalten. Das gute Essen wird selbstverständlich in der praktischen Küche zubereitet, ein Kinderspiel für echte Gourmets.Dieses ImmoSky Angebot bietet Ihnen folgende ""Mehr Leistung"":+ Wohnküche mit Platz für einen Tisch+ Riesiger Wohn-/Essbereich mit Sicht ins Grüne+ Gemütlicher Balkon+ Familienbad mit Wanne und Dusche+ 1 Garagenbox und 1 Aussenparkplatz+ Und vieles mehr ...Für die nicht tagtäglich benötigten Dinge finden Sie in Ihrem Kellerabteil ausreichend Stauraum. Für Ihre Fahrzeuge stehen Ihnen eine Garagenbox für zusätzlich CHF 30'000.- sowie ein Aussenparkplatz zur Verfügung.Neugierig? Gerne zeigen wir Ihnen diese Wohnoase vor Ort und freuen uns über Ihren Anruf.";2.5 rooms;130m²;CHF 578,920.–
Rösslistutz 8, 6464 Spiringen;2.5 Zi-Wohnung oder Ferienwohnung in Spiringen Uri;;2.5 rooms;28m²;CHF 466,870.–
6473 Silenen;DAS RENTIERT;Dieses Neubau-Renditeobjekt an einmaliger Lage im Urnerland sucht einen neuen Besitzer.Vorzügliche Qualität, moderne Architektur und ein hochwertiger Innenausbau zeichnen die Wohnungen aus. Ein positives Wohn- und Lebensgefühl schwingt durch alle Räume. Dafür sorgen helle, freundliche Farben und Materialien, grosszügig gestaltete Grundrisse und viel Licht. Der weitläufig angelegte Grünraum geht fliessend in die ländliche Umgebung von Silenen über.Eine derzeitig berechnete Bruttorendite von 3.9 % ist eine langfristig interessante Wertanlage.Dieses ImmoSky-Angebot bietet folgende *Mehr-Leistung*:+ Moderner Innenausbau + Guter Grundriss+ Sehr ruhige Lage, umgeben von Natur und ohne Durchgangsverkehr+ Balkone mit Aussicht+ Top Bergsicht+ Und noch viele weitere HighlightsRaumeinteilung:6 x 2.5-Zimmer-Wohnungen, bereits vermietet 6 x 3.5-Zimmer-Wohnungen à je 84 m2 (1 x bereits vermietet)3 x Disporäume im UG 15 x Tiefgaragenplätze in der Einstellhalle (7 Einstellhallenplätze vermietet)Die Wohnungen sind komplett rollstuhlgängig und direkt über die Tiefgarage erreichbar. Interessiert? Am besten vereinbaren Sie noch heute einen unverbindlichen Besichtigungstermin. Wir freuen uns auf Sie.;11 rooms;990m²;CHF 6,785,250.–
6490 Andermatt;Ihr neues Zuhause mit unverbaubarem Blick auf die Urner Bergwelt;Geräumiges, helles Apartment mit einem Schlafzimmer. Das möblierte Apartment befindet sich in der 1. Etage der Gotthard Residences und liegt in der Nähe des alten Dorfkerns und der wichtigsten Skilifte. Die Möblierung ist einheitlich und muss für CHF 55'000.- übernommen werden. Das intelligente Design sorgt für maximale Helligkeit, und die über die gesamte Raumhöhe reichenden Fenster bieten den perfekten Ausblick auf die Umgebung. Die offene Gestaltung der Wohnräume schafft reichlich Platz für Familienleben und geselliges Beisammensein. Bei der Gestaltung des Apartments wurde vor allem auf Holz und Naturstein gesetzt, wovon unter anderem die wunderschönen Böden aus Keramikfliesen und Eichenparkett zeugen.Dieses ImmoSky Angebot bietet folgende *MEHR LEISTUNG*:+ Top Lage mit schönster Aussicht+ Möblierte Wohnung (Möblierung für CHF 55'000.-)+ Freier Zugang zum grossen Spa mit Indoor Pool+ Zugriff auf Zimmerservice/Reinigungsdienstleistungen+ Und noch viele weitere Highlights ...Die Gotthard Residences bieten Ihnen die Diskretion einer Privatwohnung, sind aber direkt an das Radisson Blu Hotel Reussen angeschlossen, sodass die Eigentümerinnen und Eigentümer auch in ihren eigenen vier Wänden vom erstklassigen Hotelservice profitieren können. Mit einem ausgezeichneten Restaurant und angeschlossener Bar, Business-Einrichtungen, einem hochmodernen Fitness- und Wellness-Center mit Sauna, Dampfbad und Behandlungsräumen sowie einem 25-Meter-Indoorpool bleiben hier keine Wünsche offen. Den Eigentümerinnen und Eigentümern stehen ausserdem diverse exklusive Hotelservices zur Verfügung, darunter Zimmerservice, ein 24-Stunden-Concierge sowie das Housekeeping.Lassen Sie sich diesen wunderschönen Wohntraum nicht entgehen und überzeugen Sie sich selbst von dieser einmaligen Gelegenheit. Rufen Sie uns noch heute für weitere Informationen oder für eine unverbindliche Besichtigung an.(Das Verkaufsdossier wird in der Regel innert maximal 24 Stunden an Sie versendet, bitte prüfen Sie auch Ihren SPAM Ordner.);1.5 rooms;16m²;CHF 1,151,620.–
6462 Seedorf UR;Ein Bijou an schönster Wohnlage mit fantastischer Aussicht;Herzlichen Glückwunsch – Sie haben soeben Ihre Traumimmobilie gefunden. In Seedorf thront diese tolle Wohnung mit fantastischem Ausblick in die Ferne und grosszügigem Grundriss. Sowohl für eine kleine Familie, ein Paar, als auch um wohnen und arbeiten zu kombinieren, dieser Wohntraum bietet viele Optionen und erfüllt Ihre Wünsche restlos.Spazieren Sie über den edlen Parkettboden vorbei am Eingangsbereich mit Einbauschrank, wo Sie ein rund 40 m2 grosser Wohn-, Ess- und Kochbereich empfängt. Die gut ausgestattete Küche ist hier genauso schön wie der Fernblick. Letzterer lässt sich vom Balkon mit vielen Sonnenstunden noch besser geniessen. Zwei Schlafzimmer, welche von zwei grossen Nasszellen ergänzt werden, sind auf gleicher Ebene angesiedelt. Ein separates Réduit mit Waschturm sorgt für Stauraum und rundet diese tolle Liegenschaft ab.Dieses ImmoSky Angebot bietet folgende *MEHR LEISTUNG*:+ Grosszügiger Grundriss+ Balkon (20 qm) mit Weitblick+ Guter Innenausbau+ Kontrollierte Wohnraumlüftung+ Kellerabteil+ Voll rollstuhlgängig dank LiftFür Ihr Auto steht ein Tiefgaragenplatz für CHF 35'000.- zur Verfügung.Viele weitere Highlights werden Sie an einer Besichtigung restlos von dieser Oase überzeugen. Melden Sie sich jetzt und fixieren Sie Ihre persönliche Besichtigung. Ich freue mich auf Ihre Kontaktaufnahme.(Das Verkaufsdossier wird in der Regel innert maximal 24 Stunden an Sie versendet, bitte prüfen Sie auch Ihren SPAM Ordner.);1.5 rooms;27m²;CHF 809,250.–
6460 Altdorf UR;GARTENWOHNUNG MIT CHARME;Im alpinen Altdorf, unweit des Vierwaldstättersees und der Reuss, wartet diese von idyllischen Bergen umgebene Gartenwohnung auf neue Besitzerschaft. Lassen Sie sich von den zahlreichen Vorzügen dieses Wohnjuwels überzeugen: • Grosszügiges Platzangebot: 98 m² Wohnfläche verteilt auf 2.5 Zimmer • Heller Wohn- und Essbereich mit gemütlichen Cheminée und angrenzendem Sitzplatz direkt neben dem Feuer - perfekt für entspannte Stunden • Gedeckter Gartensitzplatz mit wunderschöner Sicht auf das Innerschweizer Bergpanorama • Eine Garagenbox kann für CHF 10'000.- erworben werden • Idyllische Lage: Die Altstadt von Altdorf, die Reuss sowie der Vierwaldstättersee sind in wenigen Minuten erreichbar Interessiert? Weitere Informationen, Bilder und einen virtuellen Rundgang zur Immobilie sowie Besichtigungsmöglichkeiten unter: https://www.propertyowner.ch/immobilien/21-76170/Referenznummer: 21-76170Werden Sie heute noch kostenlos Mitglied im Grundeigentümer Verband Schweiz und profitieren Sie von den zahlreichen Mitgliedervorteilen: www.propertyowner.ch- Verbandsmitglieder können die vorliegende oder andere Immobilien mit Unterstützung unserer Finanzierungsabteilung finanzieren.- Verbandsmitglieder haben Zugang zu unserem Rechtsdienst (10-minütige kostenlose telefonische Erstberatung).- Kostenlose, professionelle Immobilienbewertung - Kostenlose Beratung zur und Berechnung der GrundstückgewinnsteuerSind Sie neugierig geworden? Erfahren Sie mehr auf unserer Website https://www.propertyowner.ch/immobilien/ und lassen Sie sich von unseren Angeboten inspirieren. Wir freuen uns auf die Möglichkeit, Sie persönlich kennenzulernen und Ihre Immobilienträume zu verwirklichen!;2.5 rooms;29m²;CHF 1,020,900.–
6491 Realp;WENET - Fest-/Feriensitz im Familienwunderland;;2.5 rooms;140m²;CHF 1,617,250.–
6491 Realp;WENET - Alp Chic Ferien- und Zweitwohnsitz;;2.5 rooms;140m²;CHF 1,617,250.–
Rösslistutz 8, 6464 Spiringen;1.5 Zi-Wohnung oder Ferienwohnung in Spiringen Uri;;1.5 rooms;26m²;CHF 429,520.–
6473 Silenen;WENET - Ohne Architekturverpflichtung für alle Freiheiten;"Hier klicken: ""WENET AG - Image Film - YouTube""Heute mein Bauprojekt starten auf einer grünen Wiese, für mich und meine Familie und Ihre Zukunft. PURE Freiheit die zum Greifen nah ist. Einfach starten, ohne Wenn und Aber. Hier wird Ihnen die Möglichkeit geboten, nicht nur eine Parzelle zu erwerben - sondern direkt die ganze Reihe. Es werden 4 aneinander grenzenden Parzellen veräussert. Wo können Sie sich heute noch entfalten und sich den Traum vom eigenem Haus verwirklichen. Nicht nur das, hier können Sie noch einen weiteren, wichtigen Schritt wagen. Sie können sich Ihren Traum vom eigenem Haus direkt selber erfüllen. Vom ersten Schaufel-Stich bis hin zum Ziegel - hier können Sie Ihren Ideen Platz schenken und sich verwirklichen.Die Vorteile gehen noch weiter, auch wenn Sie denken, was will man mehr - denn Sie können sich Ihre Traum-Parzelle auswählen. Sie haben die Wahl von der Parzelle - das sind bereits 3 absolute TOP Faktoren, wir können dies noch überbieten. Den Nachbarn können SIE wählen, denn Sie haben auch die Möglichkeit direkt die Nachbar-Parzelle zu erwerben. Einfach mehr Platz für sich selber oder bereits die Planung für die nächste Generation.Highlights - Parzelle Nr.1059 mit 865 m2 / Intschi:- Erhöhte Lage- Sonnige und unverbaubare Hügelterrasse- Sommer &amp; Winterparadies Intschi-Arnisee- Nähe zu Andermatt- Ohne Architektur-Verpflichtung- Keine Bauverpflichtung (kein Zeitdruck)- Wohn- &amp; Gewerbezone 2- Ausnützungsbonus für Geschäfts &amp; Gewerbebetriebe- Quartierplanung vorhanden-----------------------------------------------------------------------------------------Auszug Baureglement / Fakten:Anzahl Vollgeschosse = 2Grenzabstand klein = 4 mGrenzabstand gross = 6 mGebäude Länge = 30 mGebäude Höhe = 13 mMax. Ausnützungsziffer = 0.4Bonus = JaEinfach zugreifen und sich entfalten, an einer sehr schönen Lage wo die Welt noch in Ordnung ist und Sie einfach die Natur geniessen können so wie es die anderen nur aus Bildern kennen. Interessiert? Gerne stehen wir für Ihre Fragen oder eine Besichtigung vor Ort zur Verfügung.";;;CHF 161,850.–
Bärengasse 1, 6490 Andermatt;Geräumiges, helles Apartment mit fünf Schlafzimmern;;2.5 rooms;220m²;CHF 4,482,000.–
6490 Andermatt;Moderner Chalet Stil und einzigartiger Ausblick;;2.5 rooms;220m²;CHF 4,905,300.–
Winterberg 3, 6460 Altdorf UR;1.5-Zimmer EG-Wohnung mit extrahohen Räumen & privater Hof-Loggia !!!;;1.5 rooms;25m²;CHF 972,340.–
Grossgrund 27, 6463 Bürglen UR;Oekologischer Trendsetter und familienfreundliches Haus mit MINERGIE Label;;2 rooms;190m²;CHF 1,929,750.–
Rüttistrasse 5, 6467 Schattdorf;2.5-Zimmer-Wohnung in ruhigem Wohnquartier;;2.5 rooms;180m²;CHF 1,108,050.–
Bärengasse1, 6490 Andermatt;Gotthard Residences Apartment in Andermatt;;1.5 rooms;30m²;CHF 2,838,600.–
Bahnhofstrasse 2, 6460 Altdorf UR;Grosszügiges 4½-Zimmer-Stadtloft im Zentrum von Altdorf;;2.5 rooms;160m²;CHF 1,294,800.–
Bahnhofstrasse 2, 6460 Altdorf UR;3½-Zimmer-Neubauwohnung im historischen Zentrum von Altdorf;;1.5 rooms;29m²;CHF 1,045,800.–
Höhenweg 14, 6454 Flüelen;2.5 Zimmerwohnung mit Seesicht und Umschwung;;2.5 rooms;220m²;Price on request
6460 Altdorf UR;Warum Wohneigentum? Die lohnenswerte Investition in Ihre Zukunft.;;2 rooms;160m²;CHF 1,058,250.–
Dorfstrasse 18, 6467 Schattdorf;4 1/2 Attikawohnung - Dorfstrasse 18;;2.5 rooms;120m²;CHF 1,394,400.–
Vordere Hofstatt, 6467 Schattdorf;Hofstatt am Haldi - 2.5-Zimmer-Einfamilienhaus (Mittelhaus);;2.5 rooms;160m²;CHF 1,357,050.–
Vordere Hofstatt, 6467 Schattdorf;Hofstatt am Haldi - 2.5-Zimmer-Einfamilienhaus (Eckhaus);;2.5 rooms;160m²;CHF 1,494,000.–
6462 Seedorf UR;2.5-Zimmer-Einfamilienhaus;;2.5 rooms;250m²;Price on request
Hintere Schilligmatte 8, 6463 Bürglen UR;2.5 Zimmerwohnung 8.3 Hintere Schilligmatte;;2.5 rooms;150m²;CHF 1,014,670.–
Hintere Schilligmatte 8, 6463 Bürglen UR;2.5 Zimmerwohnung 8.2 Hintere Schilligmatte;;2.5 rooms;150m²;CHF 971,100.–
Hintere Schilligmatte 8, 6463 Bürglen;2.5 Zimmerwohnung 8.1 Hintere Schilligmatte;;2.5 rooms;150m²;CHF 1,014,670.–
Hintere Schilligmatte 8, 6463 Bürglen UR;1.5 Zimmer Attikawohnung Hintere Schilligmatte;;1.5 rooms;140m²;CHF 1,132,950.–
Fabrikstrasse 7, 6482 Gurtnellen;Zwei 2.5 Zimmer Einfamilienhäuser «Sunnigwyler»;;2.5 rooms;160m²;CHF 1,357,050.–
Gotthardstrasse 68, 6472 Erstfeld;Verkauf MFH Erstfeld;;;;CHF 1,182,750.–
6484 Wassen UR;Wohnen in der lieblichen Berggemeinde Gurtnellen;;2.5 rooms;29m²;CHF 423,300.–
Dorfstrasse 16, 6467 Schattdorf;3 1/2 Zimmerwohnung - Dachgeschoss - Dorfstrasse 16;;1.5 rooms;30m²;CHF 1,182,750.–
Gotthardstrasse, 6490 Andermatt;Exklusive Dachwohnung in historischer Gotthardherberge;;1.5 rooms;25m²;CHF 1,556,250.–
Dorfstrasse 16, 6467 Schattdorf;4 1/2 Zimmerwohnung -  Erdgeschoss - Dorfstrasse 16;;2.5 rooms;130m²;CHF 1,095,600.–
Dorfstrasse 16, 6467 Schattdorf;4 1/2 Zimmerwohnung 16.6 - 2. OG - Dorfstrasse 16;;2.5 rooms;130m²;CHF 1,095,600.–
Dorfstrasse 18, 6467 Schattdorf;5 1/2 Zimmerwohnung - 1. Obergeschoss - Dorfstrasse 18;;2.5 rooms;150m²;CHF 1,232,550.–
Winterberg, 6460 Altdorf UR;"Das ""Haus in Haus"" - hier können Sie sofort einziehen !!!";;1.5 rooms;30m²;CHF 1,086,880.–
6490 Andermatt;Entdecken Sie den alpinen Glanz;;2.5 rooms;9m²;CHF 715,870.–
Hünistrasse, 6473 Silenen;Einfamilienhaus in der Natur;;2.5 rooms;140m²;CHF 1,213,870.–
6490 Andermatt;Ein lichtdurchflutes Bijou mit Erker;;1.5 rooms;19m²;CHF 1,444,200.–
-, 6476 Intschi;EFH in der Natur - Zweitwohnsitz möglich!;;2.5 rooms;180m²;Price on request
Fabrikstrasse 6 (Whg. 6.31), 6460 Altdorf UR;Einmalige 2.5- Zimmerwohnung;;2.5 rooms;210m²;CHF 1,842,600.–
6490 Andermatt;Modernes Alpines 1.5-Zimmer Apartment;;1.5 rooms;20m²;CHF 1,332,150.–
6490 Andermatt;Yara Andermatt - 1.OG-3;;1.5 rooms;28m²;CHF 2,209,870.–
6460 Altdorf UR;Bezugsfertige 3½-Zimmer Neubauwohnung im Zentrum von Altdorf;;1.5 rooms;25m²;CHF 972,340.–
6460 Altdorf UR;3½-Zimmer Neubauwohnung mit Gartensitzplatz bezugsfertig ausgebaut;;1.5 rooms;30m²;CHF 1,086,880.–
6490 Andermatt;Andermatt - Gotthard Residences;;1.5 rooms;27m²;CHF 1,979,550.–
Gotthardstrasse 4, 6490 Andermatt;APARTMENT AT THE CHEDI;;1.5 rooms;120m²;CHF 3,112,500.–
Fabrikstrasse (Whg. 12.02), 6460 Altdorf UR;Neuer Wohnraum im Urner Talboden;;1.5 rooms;26m²;CHF 771,900.–
Fabrikstrasse (Whg. 12.22), 6460 Altdorf UR;Neuer Wohnraum im Urner Talboden;;1.5 rooms;26m²;CHF 859,050.–
Gotthardstrasse 4, 6490 Andermatt;Luxus & Tradition;;2.5 rooms;150m²;CHF 3,349,050.–
Dorfstrasse 91, 6462 Seedorf UR;2.5 Zimmer-Dachwohnung mit See- & Bergsicht;;2.5 rooms;;CHF 1,232,550.–
Dorftrasse 91, 6462 Seedorf UR;2.5 Zimmer-Dachwohnung mit See- & Bergsicht;;2.5 rooms;;CHF 1,394,400.–
Dorfstrasse 91, 6462 Seedorf UR;2.5 Zimmerwohnung mit Rasenfläche & See-/Panoramasicht;;2.5 rooms;;CHF 1,207,650.–
Dorfstrasse 91, 6462 Seedorf UR;1.5 Zimmerwohnung mit Panoramaausblick auf See & Berge;;1.5 rooms;;CHF 983,550.–
Bresteneggstrasse 2, 6460 Altdorf UR;Wohnung in Altdorf UR;;1.5 rooms;22m²;CHF 783,100.–
Gotthardstrasse 60, 6490 Andermatt;Schöne Wohnung im Zentrum von Andermatt;;1 room;16m²;CHF 771,900.–
Dorfstrasse 91, 6462 Seedorf UR;2.5 Zimmer Neubauwohnung MFH Panorama;;2.5 rooms;;CHF 491,770.–
Schützenhausmatte 3, 6463 Bürglen UR;2.5 Zi-Wohnung zu verkaufen in Uri;;2.5 rooms;140m²;CHF 1,108,050.–
Gotthardstrasse 38, 6476 Intschi;EFH in der Natur - Zweitwohnsitz möglich!;;2.5 rooms;180m²;Price on request
6490 Andermatt;EFH-Zweitwohnsitz mit Alpencharme in der Natur;;2.5 rooms;140m²;CHF 1,213,870.–
6490 Andermatt;Italienisches Design und Schweizer Präzision stilvoll vereint;;2.5 rooms;170m²;Price on request
Altdorf, 6460 Altdorf UR;Chalet;;1.5 rooms;26m²;CHF 68,470.–
6473 Silenen;Grosszügige Eigentumswohnung in Silenen;;1.5 rooms;130m²;CHF 610,050.–
6473 Silenen;Schön, wenn Grosszügigkeit zum Mitbewohner wird;;2.5 rooms;170m²;CHF 728,320.–
6490 Andermatt;MAYA - Die ultimative Verbindung von Form und Geschmack in den Schweizer Alpen;;1.5 rooms;120m²;Price on request
6490 Andermatt;Wiederverkauf Duplex-Penthouse im ausverkauften Yara;;1.5 rooms;200m²;CHF 5,322,370.–
